Index	Customer Id	First Name	Last Name	Company	City	Country	Phone 1	Email	Subscription Date	Website
1	DD37Cf93aecA6Dc	Sheryl	Baxter	Rasmussen Group	East Leonard	Chile	2290775154	zunigavanessa@smith.info	24-08-2020	http://www.stephenson.com/
2	1Ef7b82A4CAAD10	Preston	Lozano	Vega-Gentry	East Jimmychester	Djibouti	5153435776	vmata@colon.com	23-04-2021	http://www.hobbs.com/
3	6F94879bDAfE5a6	Roy	Berry	Murillo-Perry	Isabelborough	Antigua and Barbuda	1539402259	beckycarr@hogan.com	25-03-2020	http://www.lawrence.com/
4	5Cef8BFA16c5e3c	Linda	Olsen	Dominguez, Mcmillan and Donovan	Bensonview	Dominican Republic	1808617646	stanleyblackwell@benson.org	02-06-2020	http://www.good-lyons.com/
5	053d585Ab6b3159	Joanna	Bender	Martin, Lang and Andrade	West Priscilla	Slovakia (Slovak Republic)	1234203063	colinalvarado@miles.net	17-04-2021	https://goodwin-ingram.com/
6	2d08FB17EE273F4	Aimee	Downs	Steele Group	Chavezborough	Bosnia and Herzegovina	2834373886	louis27@gilbert.com	25-02-2020	http://www.berger.net/
7	EA4d384DfDbBf77	Darren	Peck	Lester, Woodard and Mitchell	Lake Ana	Pitcairn Islands	4964526181	tgates@cantrell.com	24-08-2021	https://www.le.com/
8	0e04AFde9f225dE	Brett	Mullen	Sanford, Davenport and Giles	Kimport	Bulgaria	1583352719	asnow@colon.com	12-04-2021	https://hammond-ramsey.com/
9	C2dE4dEEc489ae0	Sheryl	Meyers	Browning-Simon	Robersonstad	Cyprus	8541384911	mariokhan@ryan-pope.org	13-01-2020	https://www.bullock.net/
10	8C2811a503C7c5a	Michelle	Gallagher	Beck-Hendrix	Elaineberg	Timor-Leste	7392182516	mdyer@escobar.net	08-11-2021	https://arias.com/
11	216E205d6eBb815	Carl	Schroeder	Oconnell, Meza and Everett	Shannonville	Guernsey	6378540256	kirksalas@webb.com	20-10-2021	https://simmons-hurley.com/
12	CEDec94deE6d69B	Jenna	Dodson	Hoffman, Reed and Mcclain	East Andrea	Vietnam	4173738460	mark42@robbins.com	29-11-2020	http://www.douglas.net/
13	e35426EbDEceaFF	Tracey	Mata	Graham-Francis	South Joannamouth	Togo	1949844878	alex56@walls.org	02-12-2021	http://www.beck.com/
14	A08A8aF8BE9FaD4	Kristine	Cox	Carpenter-Cook	Jodyberg	Sri Lanka	7862843358	holdenmiranda@clarke.com	08-02-2021	https://www.brandt.com/
15	6fEaA1b7cab7B6C	Faith	Lutz	Carter-Hancock	Burchbury	Singapore	7818617180	cassieparrish@blevins-chapman.net	26-01-2022	http://stevenson.org/
16	8cad0b4CBceaeec	Miranda	Beasley	Singleton and Sons	Desireeshire	Oman	5400853135	vduncan@parks-hardy.com	12-04-2022	http://acosta.org/
17	a5DC21AE3a21eaA	Caroline	Foley	Winters-Mendoza	West Adriennestad	Western Sahara	9362224746	holtgwendolyn@watson-davenport.com	10-03-2021	http://www.benson-roth.com/
18	F8Aa9d6DfcBeeF8	Greg	Mata	Valentine LLC	Lake Leslie	Mozambique	7010872415	jaredjuarez@carroll.org	26-03-2022	http://pitts-cherry.com/
19	F160f5Db3EfE973	Clifford	Jacobson	Simon LLC	Harmonview	South Georgia and the South Sandwich Islands	1151330352	joseph26@jacobson.com	24-09-2020	https://mcconnell.com/
20	0F60FF3DdCd7aB0	Joanna	Kirk	Mays-Mccormick	Jamesshire	French Polynesia	2661317001	tuckerangie@salazar.net	24-09-2021	https://www.camacho.net/
21	9F9AdB7B8A6f7F2	Maxwell	Frye	Patterson Inc	East Carly	Malta	4232623059	fgibson@drake-webb.com	12-01-2022	http://www.roberts.com/
22	FBd0Ded4F02a742	Kiara	Houston	Manning, Hester and Arroyo	South Alvin	Netherlands	1274040358	blanchardbob@wallace-shannon.com	15-09-2020	https://www.reid-potts.com/
23	2FB0FAA1d429421	Colleen	Howard	Greer and Sons	Brittanyview	Paraguay	1935085151	rsingleton@ryan-cherry.com	19-08-2020	http://paul.biz/
24	010468dAA11382c	Janet	Valenzuela	Watts-Donaldson	Veronicamouth	Lao People's Democratic Republic	3542595062	stefanie71@spence.com	08-09-2020	https://moreno.biz/
25	eC1927Ca84E033e	Shane	Wilcox	Tucker LLC	Bryanville	Albania	4290059030	mariah88@santos.com	06-04-2021	https://www.ramos.com/
26	09D7D7C8Fe09aea	Marcus	Moody	Giles Ltd	Kaitlyntown	Panama	6746778623	donnamullins@norris-barrett.org	24-05-2022	https://www.curry.com/
27	aBdfcF2c50b0bfD	Dakota	Poole	Simmons Group	Michealshire	Belarus	3719878576	stacey67@fields.org	20-02-2022	https://sanford-wilcox.biz/
28	b92EBfdF8a3f0E6	Frederick	Harper	Hinton, Chaney and Stokes	South Marissatown	Switzerland	1077121155	jacobkhan@bright.biz	26-05-2022	https://callahan.org/
29	3B5dAAFA41AFa22	Stefanie	Fitzpatrick	Santana-Duran	Acevedoville	Saint Vincent and the Grenadines	7527763286	wterrell@clark.com	30-07-2020	https://meyers.com/
30	EDA69ca7a6e96a2	Kent	Bradshaw	Sawyer PLC	North Harold	Tanzania	1472143503	qjimenez@boyd.com	26-04-2020	http://maynard-ho.com/
31	64DCcDFaB9DFd4e	Jack	Tate	Acosta, Petersen and Morrow	West Samuel	Zimbabwe	9651084406	gfigueroa@boone-zavala.com	15-09-2021	http://www.hawkins-ramsey.com/
32	679c6c83DD872d6	Tom	Trujillo	Mcgee Group	Cunninghamborough	Denmark	4163383758	tapiagreg@beard.info	13-01-2022	http://www.daniels-klein.com/
33	7Ce381e4Afa4ba9	Gabriel	Mejia	Adkins-Salinas	Port Annatown	Liechtenstein	4077245425	coleolson@jennings.net	24-04-2021	https://patel-hanson.info/
34	A09AEc6E3bF70eE	Kaitlyn	Santana	Herrera Group	New Kaitlyn	United States of America	6303643286	georgeross@miles.org	21-09-2021	http://pham.com/
35	aA9BAFfBc3710fe	Faith	Moon	Waters, Chase and Aguilar	West Marthaburgh	Bahamas	1586217035	willistonya@randolph-baker.com	03-11-2021	https://spencer-charles.info/
36	E11dfb2DB8C9f72	Tammie	Haley	Palmer, Barnes and Houston	East Teresa	Belize	1276734411	harrisisaiah@jenkins.com	04-01-2022	http://evans-simon.com/
37	889eCf90f68c5Da	Nicholas	Sosa	Jordan Ltd	South Hunter	Uruguay	6614256042	fwolfe@dorsey.com	10-08-2021	https://www.fleming-richards.com/
38	7a1Ee69F4fF4B4D	Jordan	Gay	Glover and Sons	South Walter	Solomon Islands	7208417020	tiffanydavies@harris-mcfarland.org	24-02-2021	http://www.lee.org/
39	dca4f1D0A0fc5c9	Bruce	Esparza	Huerta-Mclean	Poolefurt	Montenegro	5595294424	preese@frye-vega.com	22-10-2021	http://www.farley.org/
40	17aD8e2dB3df03D	Sherry	Garza	Anderson Ltd	West John	Poland	1067713644	ann48@miller.com	01-11-2021	http://spence.com/
41	2f79Cd309624Abb	Natalie	Gentry	Monroe PLC	West Darius	Dominican Republic	8309968238	tcummings@fitzpatrick-ashley.com	10-10-2020	http://www.dorsey.biz/
42	6e5ad5a5e2bB5Ca	Bryan	Dunn	Kaufman and Sons	North Jimstad	Burkina Faso	1710802556	woodwardandres@phelps.com	08-09-2021	http://www.butler.com/
43	7E441b6B228DBcA	Wayne	Simpson	Perkins-Trevino	East Rebekahborough	Bolivia	3441568632	barbarapittman@holder.com	13-12-2020	https://gillespie-holder.com/
44	D3fC11A9C235Dc6	Luis	Greer	Cross PLC	North Drew	Bulgaria	1336025684	bstuart@williamson-mcclure.com	15-05-2022	https://fletcher-nielsen.com/
45	30Dfa48fe5Ede78	Rhonda	Frost	Herrera, Shepherd and Underwood	Lake Lindaburgh	Monaco	1270819339	zkrueger@wolf-chavez.net	06-12-2021	http://www.khan.com/
46	fD780ED8dbEae7B	Joanne	Montes	Price, Sexton and Mcdaniel	Gwendolynview	Palau	8977267952	juan80@henson.net	01-07-2020	http://ochoa.com/
47	300A40d3ce24bBA	Geoffrey	Guzman	Short-Wiggins	Zimmermanland	Uzbekistan	9752358921	bauercrystal@gay.com	23-04-2020	https://decker-kline.com/
48	283DFCD0Dba40aF	Gloria	Mccall	Brennan, Acosta and Ramos	North Kerriton	Ghana	4456036729	bartlettjenna@zuniga-moss.biz	11-03-2022	http://burgess-frank.com/
49	F4Fc91fEAEad286	Brady	Cohen	Osborne-Erickson	North Eileenville	United Arab Emirates	7418490139	mccalltyrone@durham-rose.biz	10-03-2022	http://hammond-barron.com/
50	80F33Fd2AcebF05	Latoya	Mccann	Hobbs, Garrett and Sanford	Port Sergiofort	Belarus	5302874548	bobhammond@barry.biz	02-12-2021	https://www.burton.com/
51	Aa20BDe68eAb0e9	Gerald	Hawkins	Phelps, Forbes and Koch	New Alberttown	Canada	1323239145	uwarner@steele-arias.com	19-03-2021	https://valenzuela.com/
52	e898eEB1B9FE22b	Samuel	Crawford	May, Goodwin and Martin	South Jasmine	Algeria	8022427457	xpittman@ritter-carney.net	27-03-2021	https://guerrero.org/
53	faCEF517ae7D8eB	Patricia	Goodwin	Christian, Winters and Ellis	Cowanfort	Swaziland	3225497139	vaughanchristy@lara.biz	08-03-2021	http://clark.info/
54	c09952De6Cda8aA	Stacie	Richard	Byrd Inc	New Deborah	Madagascar	1622948364	clinton85@colon-arias.org	15-10-2020	https://kim.com/
55	f3BEf3Be028166f	Robin	West	Nixon, Blackwell and Sosa	Wallstown	Ecuador	6983034267	greenemiranda@zimmerman.com	13-01-2022	https://www.mora.com/
56	C6F2Fc6a7948a4e	Ralph	Haas	Montes PLC	Lake Ellenchester	Palestinian Territory	2239271999	goodmancesar@figueroa.biz	25-05-2020	http://may.com/
57	c8FE57cBBdCDcb2	Phyllis	Maldonado	Costa PLC	Lake Whitney	Saint Barthelemy	4500370767	yhanson@warner-diaz.org	25-01-2021	http://www.bernard.com/
58	B5acdFC982124F2	Danny	Parrish	Novak LLC	East Jaredbury	United Arab Emirates	6693848597	howelldarren@house-cohen.com	17-03-2021	http://www.parsons-hudson.com/
59	8c7DdF10798bCC3	Kathy	Hill	Moore, Mccoy and Glass	Selenabury	South Georgia and the South Sandwich Islands	1171716217	ncamacho@boone-simmons.org	15-11-2020	http://hayden.com/
60	C681dDd0cc422f7	Kelli	Hardy	Petty Ltd	Huangfort	Sao Tome and Principe	2032421912	kristopher62@oliver.com	20-12-2020	http://www.kidd.com/
61	a940cE42e035F28	Lynn	Pham	Brennan, Camacho and Tapia	East Pennyshire	Portugal	8464686834	mpham@rios-guzman.com	21-08-2020	https://www.murphy.com/
62	9Cf5E6AFE0aeBfd	Shelley	Harris	Prince, Malone and Pugh	Port Jasminborough	Togo	4230980315	zachary96@mitchell-bryant.org	10-12-2020	https://www.ryan.com/
63	aEcbe5365BbC67D	Eddie	Jimenez	Caldwell Group	West Kristine	Ethiopia	1235657107	kristiwhitney@bernard.com	24-03-2022	http://cherry.com/
64	FCBdfCEAe20A8Dc	Chloe	Hutchinson	Simon LLC	South Julia	Netherlands	9815449452	leah85@sutton-terrell.com	15-05-2022	https://mitchell.info/
65	636cBF0835E10ff	Eileen	Lynch	Knight, Abbott and Hubbard	Helenborough	Liberia	1158951413	levigiles@vincent.com	02-01-2021	http://mckay.com/
66	fF1b6c9E8Fbf1ff	Fernando	Lambert	Church-Banks	Lake Nancy	Lithuania	4978299038	fisherlinda@schaefer.net	23-04-2021	https://www.vang.com/
67	2A13F74EAa7DA6c	Makayla	Cannon	Henderson Inc	Georgeport	New Caledonia	1215801639	scottcurtis@hurley.biz	20-01-2020	http://www.velazquez.net/
68	a014Ec1b9FccC1E	Tom	Alvarado	Donaldson-Dougherty	South Sophiaberg	Kiribati	5856062980	nicholsonnina@montgomery.info	18-08-2020	http://odom-massey.com/
69	421a109cABDf5fa	Virginia	Dudley	Warren Ltd	Hartbury	French Southern Territories	2784637051	zvalencia@phelps.com	31-01-2021	http://hunter-esparza.com/
70	CC68FD1D3Bbbf22	Riley	Good	Wade PLC	Erikaville	Canada	6977745822	alex06@galloway.com	03-02-2020	http://conway.org/
71	CBCd2Ac8E3eBDF9	Alexandria	Buck	Keller-Coffey	Nicolasfort	Iran	7890047607	lee48@manning.com	20-02-2021	https://ramsey.org/
72	Ef859092FbEcC07	Richard	Roth	Conway-Mcbride	New Jasmineshire	Morocco	5814406539	aharper@maddox-townsend.org	23-02-2020	https://www.brooks.com/
73	F560f2d3cDFb618	Candice	Keller	Huynh and Sons	East Summerstad	Zimbabwe	1927965855	buckleycory@odonnell.net	22-08-2020	https://www.lucero.com/
74	A3F76Be153Df4a3	Anita	Benson	Parrish Ltd	Skinnerport	Russian Federation	8746175668	angie04@oconnell.com	09-02-2020	http://oconnor.com/
75	D01Af0AF7cBbFeA	Regina	Stein	Guzman-Brown	Raystad	Solomon Islands	1469848072	zrosario@rojas-hardin.net	15-01-2022	http://www.johnston.info/
76	d40e89dCade7b2F	Debra	Riddle	Chang, Aguirre and Leblanc	Colinhaven	United States Virgin Islands	1768182601	shieldskerry@robles.com	11-07-2020	http://kaiser.info/
77	BF6a1f9bd1bf8DE	Brittany	Zuniga	Mason-Hester	West Reginald	Kyrgyz Republic	5013690250	mchandler@cochran-huerta.org	24-07-2021	http://www.boyle.com/
78	FfaeFFbbbf280db	Cassidy	Mcmahon	Mcguire, Huynh and Hopkins	Lake Sherryborough	Myanmar	5040771311	katrinalane@fitzgerald.com	21-10-2020	https://hurst.com/
79	CbAE1d1e9a8dCb1	Laurie	Pennington	Sanchez, Marsh and Hale	Port Katherineville	Dominica	7155340655	cookejill@powell.com	08-06-2020	http://www.hebert.com/
80	A7F85c1DE4dB87f	Alejandro	Blair	Combs, Waller and Durham	Thomasland	Iceland	6900684641	elizabethbarr@ewing.com	19-09-2020	https://mercado-blevins.com/
81	D6CEAfb3BDbaa1A	Leslie	Jennings	Blankenship-Arias	Coreybury	Micronesia	6291986346	corey75@wiggins.com	13-11-2021	https://www.juarez.com/
82	Ebdb6F6F7c90b69	Kathleen	Mckay	Coffey, Lamb and Johnson	Lake Janiceton	Saint Vincent and the Grenadines	7339109968	chloelester@higgins-wilkinson.com	12-09-2021	http://www.owens-mooney.com/
83	E8E7e8Cfe516ef0	Hunter	Moreno	Fitzpatrick-Lawrence	East Clinton	Isle of Man	7338336754	isaac26@benton-finley.com	28-12-2020	http://walls.info/
84	78C06E9b6B3DF20	Chad	Davidson	Garcia-Jimenez	South Joshuashire	Oman	8275702958	justinwalters@jimenez.com	15-11-2021	http://www.garner-oliver.com/
85	03A1E62ADdeb31c	Corey	Holt	Mcdonald, Bird and Ramirez	New Glenda	Fiji	1439242498	maurice46@morgan.com	18-02-2020	http://www.watson.com/
86	C6763c99d0bd16D	Emma	Cunningham	Stephens Inc	North Jillianview	New Zealand	1280590206	walter83@juarez.org	13-05-2022	http://www.reid.info/
87	ebe77E5Bf9476CE	Duane	Woods	Montoya-Miller	Lyonsberg	Maldives	6365447783	kmercer@wagner.com	21-07-2020	http://murray.org/
88	E4Bbcd8AD81fC5f	Alison	Vargas	Vaughn, Watts and Leach	East Cristinabury	Benin	3652738144	vcantu@norton.com	10-11-2020	http://mason.info/
89	efeb73245CDf1fF	Vernon	Kane	Carter-Strickland	Thomasfurt	Yemen	1148541159	hilljesse@barrett.info	15-04-2021	http://www.duffy-hensley.net/
90	37Ec4B395641c1E	Lori	Flowers	Decker-Mcknight	North Joeburgh	Namibia	6794151210	tyrone77@valenzuela.info	09-01-2021	http://www.deleon-crosby.com/
91	5ef6d3eefdD43bE	Nina	Chavez	Byrd-Campbell	Cassidychester	Bhutan	5334432050	elliserica@frank.com	26-03-2020	https://www.pugh.com/
92	98b3aeDcC3B9FF3	Shane	Foley	Rocha-Hart	South Dannymouth	Hungary	1822569302	nsteele@sparks.com	06-07-2021	https://www.holt-sparks.com/
93	aAb6AFc7AfD0fF3	Collin	Ayers	Lamb-Peterson	South Lonnie	Anguilla	4046455351	dudleyemily@gonzales.biz	29-06-2021	http://www.ruiz.com/
94	54B5B5Fe9F1B6C5	Sherry	Young	Lee, Lucero and Johnson	Frankchester	Solomon Islands	1586871764	alan79@gates-mclaughlin.com	04-04-2021	https://travis.net/
95	BE91A0bdcA49Bbc	Darrell	Douglas	Newton, Petersen and Mathis	Daisyborough	Mali	1084845952	grayjean@lowery-good.com	17-02-2022	https://banks.biz/
96	cb8E23e48d22Eae	Karl	Greer	Carey LLC	East Richard	Guyana	1881691674	hhart@jensen.com	30-01-2022	http://hayes-perez.com/
97	CeD220bdAaCfaDf	Lynn	Atkinson	Ware, Burns and Oneal	New Bradview	Sri Lanka	1846706221	vkemp@ferrell.com	10-07-2021	https://novak-allison.com/
98	28CDbC0dFe4b1Db	Fred	Guerra	Schmitt-Jones	Ortegaland	Solomon Islands	1753067841	swagner@kane.org	18-09-2021	https://www.ross.com/
99	c23d1D9EE8DEB0A	Yvonne	Farmer	Fitzgerald-Harrell	Lake Elijahview	Aruba	5303119786	mccarthystephen@horn-green.biz	11-08-2021	http://watkins.info/
100	2354a0E336A91A1	Clarence	Haynes	Le, Nash and Cross	Judymouth	Honduras	7538136941	colleen91@faulkner.biz	11-03-2020	http://www.hatfield-saunders.net/
